<?xml version="1.0" encoding="UTF-8"?>
<beans xmlns="http://www.springframework.org/schema/beans"
 xmlns:xsi="http://www.w3.org/2001/XMLSchema-instance"
 xmlns:context="http://www.springframework.org/schema/context"
 xmlns:p="http://www.springframework.org/schema/p"
 xsi:schemaLocation="http://www.springframework.org/schema/beans
 http://www.springframework.org/schema/beans/spring-beans.xsd
http://www.springframework.org/schema/context
http://www.springframework.org/schema/context/spring-context.xsd">
<bean class="com.springcore.ci.Certi" name="cer">
<constructor-arg>
<value>Android</value>
</constructor-arg>
</bean>
<bean class="com.springcore.ci.person" name="person1">
<constructor-arg>
<value>Anoop</value>
</constructor-arg>
<constructor-arg>
<value>12</value>
</constructor-arg>
<constructor-arg  ref="cer" />
</bean>
 </beans>