<?xml version="1.0" encoding="UTF-8"?>
<beans xmlns="http://www.springframework.org/schema/beans"
 xmlns:xsi="http://www.w3.org/2001/XMLSchema-instance"
 xmlns:context="http://www.springframework.org/schema/context"
 xmlns:p="http://www.springframework.org/schema/p"
 xsi:schemaLocation="http://www.springframework.org/schema/beans
 http://www.springframework.org/schema/beans/spring-beans.xsd
http://www.springframework.org/schema/context
http://www.springframework.org/schema/context/spring-context.xsd">
<bean class="com.spring.springcore.collections.Emp" name="emp1">
<property name="name" value="Radhe" />
<property name="phones">
<list>
<value> "Anoop" </value>
<value> "Amit" </value>
<value> "Pankaj" </value>
</list>
</property>

<property name="address">

<set>
<value> "Bareilly" </value>
<value> "Bokaro" </value>
<value> "Rohtas" </value>
</set>
</property>

<property name="courses">
<map>
<entry key="java" value="2months"></entry>
<entry key="python" value="1months"></entry>
<entry key="C#" value="3months"></entry>
</map>
</property>

</bean>
</beans>